Country,Year_2008_2009,Year_2009_2010,Year_2010_2011,Year_2011_2012,Year_2012_2013,Year_2013_2014,Year_2014_2015,Year_2015_2016,Year_2016_2017,Year_2017_2018,Year_2018_2019,Year_2019_2020,Year_2020_2021,Year_2021_2022,Year_2022_2023,Year_2023_2024,Year_2024_2025
 AFGHANISTAN ,182344.16,220362.72,192084.0,242912.0,256914.0,287888.0,258130.0,343603.0,339682.0,457689.0,499237.0,708458.0,610620.0,412904.0,349498.0,294271.0,52979.0
 ALBANIA ,5589.7,4027.54,5227.0,6067.0,9516.0,11452.0,11864.0,15761.0,17712.0,18900.0,25842.0,31305.0,34619.0,41040.0,282091.0,955574.0,10653.0
 ALGERIA ,299636.27,273710.63,355787.0,399230.0,593470.0,645014.0,649379.0,513489.0,564344.0,530692.0,657529.0,431687.0,439810.0,523801.0,493477.0,702538.0,119886.0
 AMERI SAMOA ,58.26,40.45,93.0,975.0,199.0,31.0,117.0,100.0,52.0,200.0,18.0,91.0,433.0,578.0,23.0,3440.0,814.0
 ANDORRA ,412.37,96.49,120.0,125.0,59.0,74.0,156.0,77.0,97.0,3076.0,232.0,55.0,15.0,37.0,181.0,262.0,262.0
 ANGOLA ,170381.68,300573.43,306051.0,220532.0,265962.0,326612.0,337766.0,145440.0,103721.0,151361.0,197413.0,201922.0,192123.0,337798.0,499169.0,578304.0,62786.0
 ANGUILLA ,39.04,23.2,77.0,54.0,79.0,14.0,30.0,10.0,28.0,324.0,113.0,32.0,38.0,68.0,34.0,220.0,19.0
 ANTARTICA ,0.0,47.57,77.0,31.0,93.0,37.0,2.0,1.0,33.0,65.0,2.0,15.0,769.0,56.0,84.0,215.0,3.0
 ANTIGUA ,1314.82,692.58,429.0,418.0,738.0,1340.0,1279.0,1680.0,1328.0,1395.0,1887.0,1550.0,1191.0,1846.0,2340.0,12342.0,806.0
 ARGENTINA ,160966.71,127646.97,184270.0,227644.0,294094.0,370833.0,281084.0,350982.0,342382.0,456703.0,391033.0,542862.0,508762.0,1066132.0,766711.0,899052.0,145477.0
 ARMENIA ,9221.8,8755.04,8996.0,18382.0,22043.0,44205.0,56036.0,15002.0,20327.0,21462.0,18076.0,28605.0,51462.0,20437.0,49566.0,78814.0,24815.0
 ARUBA ,900.86,699.95,680.0,1274.0,1569.0,2014.0,2379.0,4546.0,5307.0,4153.0,6748.0,7003.0,2069.0,4639.0,11813.0,12232.0,1562.0
 AUSTRALIA ,657633.39,655895.11,780298.0,1199022.0,1279380.0,1395849.0,1700121.0,2133080.0,1982786.0,2585652.0,2456009.0,2019789.0,2992764.0,6184105.0,5555483.0,6566764.0,858060.0
 AUSTRIA ,232281.02,120039.04,269235.0,163132.0,178811.0,203707.0,221800.0,222763.0,256860.0,296473.0,337375.0,322885.0,335433.0,420511.0,1017757.0,941251.0,228775.0
 AZERBAIJAN ,15910.2,14202.1,17528.0,34982.0,47495.0,74670.0,67597.0,21822.0,27054.0,21714.0,30627.0,37606.0,37622.0,27149.0,81373.0,74290.0,11918.0
 BAHAMAS ,1034.54,411243.13,993038.0,1056149.0,1449977.0,130219.0,73343.0,7892.0,3982.0,5204.0,4258.0,43132.0,3373.0,6012.0,10344.0,88348.0,1217.0
 BAHARAIN IS ,131407.49,118507.43,293277.0,211834.0,328367.0,376321.0,289651.0,425940.0,316259.0,358885.0,521482.0,396962.0,390363.0,670605.0,778780.0,754173.0,111940.0
 BANGLADESH PR ,1131721.47,1150106.83,1475248.0,1838669.0,2798258.0,3741126.0,3944038.0,3952726.0,4574044.0,5553699.0,6439152.0,5817661.0,7150929.0,12053473.0,9778451.0,9161333.0,1488646.0
 BARBADOS ,1761.65,2041.99,2482.0,3616.0,3193.0,3896.0,6240.0,6896.0,8294.0,8217.0,8708.0,9043.0,8200.0,12079.0,19253.0,15595.0,5038.0
 BELARUS ,16350.95,17968.98,16496.0,59739.0,30111.0,32544.0,29369.0,23474.0,26930.0,30690.0,38997.0,39502.0,46137.0,48683.0,35192.0,36288.0,6563.0
 BELGIUM ,2030939.59,1775704.94,2634704.0,3420615.0,2992640.0,3868686.0,3371799.0,3295875.0,3791504.0,4000725.0,4700768.0,4116420.0,3868278.0,7522465.0,7099803.0,6487206.0,873490.0
 BELIZE ,1312.25,1168.78,6525.0,12549.0,12809.0,13402.0,14970.0,9513.0,10223.0,8684.0,11886.0,10106.0,6965.0,11382.0,12837.0,11146.0,1959.0
 BENIN ,93677.5,104637.95,119940.0,308301.0,260476.0,463642.0,303851.0,279795.0,300125.0,308926.0,298715.0,229744.0,410245.0,534781.0,720409.0,621582.0,133101.0
 BERMUDA ,351.17,390.76,411.0,481.0,734.0,1574.0,1668.0,1691.0,2819.0,2008.0,2204.0,1759.0,3311.0,4125.0,4052.0,5038.0,614.0
 BHUTAN ,50927.26,56085.31,80152.0,110440.0,126739.0,215495.0,205103.0,306808.0,341354.0,352002.0,459133.0,523529.0,519322.0,660459.0,866258.0,797994.0,155901.0
 BOLIVIA ,4382.33,4617.34,7144.0,12072.0,31193.0,32033.0,43314.0,48653.0,53259.0,67857.0,73488.0,80389.0,69620.0,87736.0,61950.0,59066.0,11044.0
 BOSNIA-HRZGOVIN ,2449.17,1279.94,1450.0,2798.0,3762.0,7041.0,10927.0,12948.0,8794.0,9914.0,11914.0,10848.0,11161.0,12679.0,13886.0,24217.0,2114.0
 BOTSWANA ,11704.04,10426.09,15288.0,24181.0,28005.0,33226.0,27079.0,34149.0,51686.0,69840.0,125352.0,126532.0,127412.0,207736.0,135225.0,90421.0,30713.0
 BR VIRGN IS ,17119.26,38970.64,189.0,479.0,300.0,243.0,405.0,554.0,276.0,492.0,7263.0,351.0,188.0,267.0,366.0,529.0,262.0
 BRAZIL ,1187440.98,1136483.36,1833586.0,2757688.0,3287202.0,3387064.0,3634024.0,1726086.0,1609748.0,1974731.0,2661743.0,2811824.0,3136034.0,4834956.0,7960684.0,4980913.0,1027996.0
 BRUNEI ,7994.52,11605.02,10525.0,406236.0,21830.0,19611.0,25609.0,18573.0,28721.0,40713.0,39346.0,40907.0,46469.0,32169.0,22.0,3167.0,6312.0
 BULGARIA ,33011.76,24128.28,31737.0,52059.0,85393.0,101802.0,163556.0,94946.0,160506.0,111677.0,147874.0,112420.0,126032.0,184187.0,55772.0,55800.0,33115.0
 BURKINA FASO ,21960.15,17337.36,20830.0,40626.0,46830.0,62445.0,68849.0,71611.0,77113.0,95653.0,127193.0,109075.0,153836.0,146552.0,170058.0,185187.0,18286.0
 BURUNDI ,6494.28,5964.6,7342.0,11666.0,17720.0,18550.0,19256.0,19000.0,24027.0,24546.0,34080.0,41436.0,47468.0,45052.0,141940.0,99983.0,5407.0
 C AFRI REP ,1122.73,2409.5,1597.0,3052.0,4584.0,4615.0,4736.0,6055.0,6898.0,19251.0,19131.0,39527.0,17567.0,15044.0,34539.0,31805.0,2590.0
 CAMBODIA ,21507.71,21553.19,30483.0,47753.0,60999.0,85809.0,87410.0,93502.0,70496.0,78293.0,137082.0,133177.0,124752.0,148094.0,16583.0,54003.0,25393.0
 CAMEROON ,42335.75,36388.98,55158.0,95134.0,136482.0,157036.0,152553.0,124568.0,99824.0,125015.0,124948.0,162125.0,206335.0,300937.0,177043.0,153434.0,78818.0
 CANADA ,624678.79,532057.94,613989.0,992374.0,1108246.0,1234404.0,1343068.0,1320680.0,1343585.0,1615354.0,1993563.0,2021484.0,2191316.0,2807082.0,448318.0,375987.0,536225.0
 CANARY IS ,0.0,27.25,64.0,3.0,4.0,2.0,11.0,425.5,840.0,953.0,1111.0,1542.0,2453.0,4674.0,3293897.0,3183685.0,542.0
 CAPE VERDE IS ,175.76,330.17,226.0,220.0,513.0,870.0,2502.0,937.0,3180.0,2594.0,3047.0,4698.0,3188.0,4945.0,3600.0,2612.0,55013.0
 CAYMAN IS ,265.85,376.82,130.0,449.0,210.0,1937.0,4030.0,2337.0,25804.0,17598.0,26314.0,41728.0,43786.0,39456.0,4566.0,5900.0,14916.0
 CHAD ,7188.97,3269.72,5441.0,18848.0,25203.0,20156.0,24931.0,28350.0,452188.0,492191.0,691209.0,561174.0,595017.0,880788.0,46303.0,66195.0,136398.0
 CHANNEL IS ,22.18,115679.59,231337.0,9.0,32.0,10.0,0.0,3412546.0,6825092.0,8599430.0,11728911.0,11767331.0,15720159.0,15821548.0,936922.0,979460.0,2135706.0
 CHILE ,177677.13,131888.43,6431514.0,251439.0,375900.0,402825.0,346116.0,445108.0,13.0,9.666666666666666,6.333333333333333,3.0,4.0,5.0,12277399.0,13796645.0,13796645.0
 CHINA P RP ,4266133.36,5471392.87,534.0,8747082.0,7352956.0,9056109.0,7303043.0,5893941.0,525985.0,605415.0,781088.0,739769.0,0.0,1.0,2.0,3.0,3.0
 CHRISTMAS IS. ,96.56,741.68,422.0,9.0,15.0,4.0,6.0,6958.5,13911.0,19157.0,13452.0,13384.0,638460.0,1026658.0,10.0,11.0,188796.0
 COCOS IS ,0.72,2.97,255502.0,389.0,27.0,3.0,676248.0,579540.0,133524.0,145082.0,212269.0,250052.0,13491.0,17207.0,1158747.0,1009130.0,3223.0
 COLOMBIA ,168762.56,184004.33,3922.0,429357.0,496578.0,611532.0,10845.0,11167.0,90969.0,75222.0,93316.0,80060.0,317983.0,423430.0,32289.0,23162.0,74850.0
 COMOROS ,11732.01,4396.85,3058.0,5278.0,11256.0,8242.0,155943.0,208516.0,100.0,115.0,188.0,222.0,81208.0,120170.0,506600.0,480453.0,16892.0
 CONGO D. REP. ,7048.26,4719.24,110032.0,3501.0,80409.0,109910.0,155250.0,108921.0,106857.0,86051.0,95310.0,89797.0,53.0,30.0,143741.0,145815.0,38.0
 CONGO P REP ,96329.64,93001.51,19.0,163664.0,108264.0,127546.0,196.0,33.0,281167.0,329774.0,314652.0,294060.0,84385.0,109968.0,110.0,190.0,29147.0
 COOK IS ,60.0,13.8,27947.0,56.0,25.0,56.0,58645.0,88390.0,83111.0,108704.0,107435.0,104320.0,433113.0,542891.0,154745.0,152145.0,136150.0
 COSTA RICA ,15711.43,15291.43,42902.0,31619.0,40521.0,49246.0,189742.0,260227.0,27961.0,26951.0,24432.0,33653.0,104975.0,370028.0,715414.0,567330.0,33490.0
 COTE D' IVOIRE ,43288.06,57793.45,44468.0,139751.0,215416.0,181441.0,108319.0,73670.0,36835.0,0.0,49466.0,308907.0,15095.0,19720.0,268759.0,193148.0,1325.0
 CROATIA ,39161.66,42375.39,11627.0,54953.0,72678.0,84231.0,22828.0,35325.0,48036.0,64629.0,300326.0,351948.0,66830.0,104771.0,64742.0,33289.0,12125.0
 CUBA ,17075.91,10781.08,19731.0,17407.0,19453.0,21484.0,10744.5,5.0,357749.0,261295.0,522611.0,519857.0,359359.0,468796.0,65837.0,78585.0,245092.0
 CYPRUS ,114200.89,22192.93,98191.0,27275.0,29991.0,37524.0,31254.0,39062.0,464710.0,505271.0,554924.0,223390.0,558182.0,704095.0,943900.0,1151137.0,122293.0
 CZECH REPUBLIC ,83299.38,84139.4,314242.0,130659.0,136792.0,237060.0,230807.0,318183.0,187976.0,242220.0,150734.0,151037.0,257018.0,531949.0,730921.0,708925.0,173315.0
 DENMARK ,267651.55,274977.44,145274.0,361644.0,384978.0,461024.0,442504.0,451489.0,150917.0,126869.0,902.0,1530.0,154575.0,231129.0,964246.0,947593.0,53635.0
 DJIBOUTI ,160806.39,125780.53,37698.0,229462.0,223755.0,184398.0,145294.0,133358.0,1646.0,1360.0,207885.0,179121.0,1375.0,2088.0,264187.0,287232.0,464.0
 DOMINIC REP ,23514.0,26050.62,1126.0,49070.0,59349.0,76465.0,86326.0,114870.0,132648.0,180423.0,2015277.0,1772410.0,153648.0,227381.0,2318.0,2092.0,30592.0
 DOMINICA ,1197.18,1410.01,55276.0,1359.0,1311.0,1477.0,1552.0,954.0,1385513.0,1542054.0,54874.0,56255.0,1676019.0,2792214.0,321624.0,380382.0,487461.0
 ECUADOR ,58350.32,42398.2,902643.0,112362.0,143393.0,176068.0,137505.0,100006.0,40506.0,44780.0,8392.0,7771.0,62114.0,120684.0,3312344.0,2915688.0,19817.0
 EGYPT A RP ,759464.44,663818.34,10945.0,1173550.0,1571394.0,1556074.0,1844254.0,1527181.0,7534.0,6949.0,6199.0,4201.0,10506.0,9267.0,101786.0,106731.0,1875.0
 EL SALVADOR ,7676.42,6313.04,5189.0,18107.0,30487.0,39413.0,37583.0,44821.0,2155.0,4791.0,44955.0,46298.0,7003.0,13120.0,18556.0,22191.0,1353.0
 EQUTL GUINEA ,2969.06,3616.87,11206.0,8186.0,11594.0,10477.0,9165.0,11590.0,65412.0,51771.0,536426.0,565451.0,38439.0,46301.0,14607.0,8324.0,14780.0
 ERITREA ,7354.63,13599.65,24136.0,15376.0,10380.0,10045.0,8590.0,4220.0,518647.0,440940.0,1.0,56.0,506976.0,507683.0,56760.0,64038.0,68635.0
 ESTONIA ,22455.87,13642.83,124545.0,56218.0,49983.0,47864.0,41720.0,41691.0,392.0,193.0,2100.0,637.0,319.0,1.0,469824.0,405194.0,0.0
 ETHIOPIA ,114291.89,120614.28,18.0,224165.0,408163.0,495038.0,479184.0,519816.0,35177.0,34975.0,42448.0,39403.0,200.0,200.0,1.0,67.5,134.0
 FALKLAND IS ,42.67,17.55,344.0,690.0,1.0,1.3333333333333333,1.6666666666666665,2.0,180917.0,182126.0,179003.0,190271.0,34683.0,43254.0,289.0,4917.0,12083.0
 FAROE IS. ,27.29,68.13,12983.0,418.0,799.0,1854.0,1576.0,1146.0,987.0,1408.0,1324.0,691.0,210474.0,256689.0,64389.0,63154.0,78371.0
 FIJI IS ,39679.98,12645.99,116003.0,17505.0,22343.0,29511.0,30336.0,28799.0,2777.0,4098.0,3813.0,4274.0,1312.0,1549.0,427960.0,482563.0,299.0
 FINLAND ,120559.43,98365.49,1635.0,151226.0,172483.0,252903.0,201777.0,162885.0,3517870.0,3158610.0,3657423.0,3611160.0,4177.0,6878.0,1208.0,1218.0,1397.0
 FR GUIANA ,17546.61,1088.04,491.0,761.0,1814.0,21948.0,36415.0,765.0,29043.0,29072.0,38645.0,32206.0,3532922.0,4960510.0,8154.0,9931.0,1411936.0
 FR POLYNESIA ,587.01,381.39,1.0,5697.0,964.0,1704.0,1884.0,2505.0,41773.0,77522.0,109723.0,93701.0,43438.0,39504.0,6104859.0,5912570.0,10610.0
 FR S ANT TR ,0.78,0.36,2368748.0,9.0,3.0,15.0,27.0,39.0,60884.0,49774.0,77356.0,58758.0,95730.0,114077.0,64737.0,60126.0,17034.0
 FRANCE ,1377671.15,1799941.28,17069.0,2202080.0,2710586.0,3095127.0,3032342.0,3032612.0,4815370.0,5599363.0,6220063.0,5872262.0,73551.0,122137.0,98596.0,145449.0,29443.0
 GABON ,9922.0,11760.52,18947.0,22705.0,29505.0,32120.0,26027.0,24166.0,456586.0,409802.0,500679.0,437452.0,6011271.0,7371638.0,213195.0,163377.0,1368545.0
 GAMBIA ,14067.84,17487.86,33182.0,30928.0,30206.0,51573.0,44902.0,39134.0,863155.0,187844.0,401793.0,444137.0,637869.0,826936.0,8139691.0,8145947.0,159632.0
 GEORGIA ,33414.71,26265.96,3071854.0,59041.0,67455.0,55469.0,53005.0,54218.0,255016.0,279522.0,350287.0,316194.0,153581.0,368347.0,771844.0,910344.0,87.0
 GERMANY ,2919475.35,2563293.28,263684.0,3796532.0,3940811.0,4551944.0,4606197.0,4645663.0,0.0,5.0,2.0,19.0,404416.0,805277.0,361329.0,688464.0,134617.0
 GHANA ,249717.48,184445.29,67105.0,384306.0,404967.0,504519.0,416979.0,409083.0,2028.0,1700.0,2638.0,1978.0,826.0,1036.0,630904.0,873560.0,3.0
 GIBRALTAR ,4025.93,299644.52,165739.0,139984.0,145.0,60580.0,393328.0,779621.0,2940.0,3448.0,2395.0,5653.0,2114.0,2950.0,28.0,189.0,196.0
 GREECE ,406323.82,214976.71,47.0,377226.0,163237.0,202545.0,220425.0,220347.0,327.0,568.0,457.0,644.0,1970.0,2675.0,3120.0,3647.0,653.0
 GREENLAND ,38.41,177.83,462.0,134.0,255.0,1054.0,690.0,5693.0,161732.0,188219.0,213691.0,206753.0,552.0,1255.0,2715.0,3820.0,135.0
 GRENADA ,207.18,308.04,2831.0,495.0,464.0,895.0,819.0,1222.0,621.0,20.0,0.0,0.0,244758.0,411218.0,517.0,700.0,85697.0
 GUADELOUPE ,684.83,1687.7,826.0,3350.0,3591.0,3948.0,2537.0,1872.0,237889.0,243647.0,282836.0,251587.0,292308.0,333029.0,373750.0,462899.0,141800.0
 GUAM ,248.38,276.17,51390.0,930.0,550.0,168.0,255.0,251.0,14520.0,6885.0,7563.0,6363.0,371576.0,418260.0,506361.0,576427.0,1511.0
 GUATEMALA ,36984.11,41055.31,43866.0,92124.0,122210.0,128931.0,140100.0,167572.0,13450.0,16779.0,20722.0,17867.0,13339.0,7908.0,7953.0,5782.0,12212.0
 GUINEA ,35446.38,37671.9,1389.0,62648.0,112040.0,123699.0,173476.0,181825.0,47909.0,60585.0,55504.0,46474.0,26286.0,49531.0,49984.0,82335.0,3106.0
 GUINEA BISSAU ,16491.57,1494.5,7318.0,6222.0,5870.0,11696.0,5963.0,9534.0,4779.0,24.0,19.0,39828.5,79638.0,74167.0,70362.0,87402.0,35643.0
 GUYANA ,5555.41,7715.78,27537.0,10224.0,11949.0,14695.0,14947.0,14288.0,90447.0,94251.0,116879.0,131352.0,120429.0,236871.0,219084.0,220143.0,774253.0
 HAITI ,20342.04,15668.16,205.0,23110.0,34680.0,35831.0,52378.0,40614.0,9411493.0,9467735.0,9111742.0,7775243.0,7520143.0,8183453.0,7949742.0,6829915.0,71199.0
 HEARD MACDONALD ,0.09,0.63,28809.0,14405.0,1.0,16.0,35.0,136271.0,272507.0,259549.0,320458.0,300344.0,366754.0,410612.0,462527.0,464769.0,1450.0
 HONDURAS ,31588.43,21515.76,4703842.0,44210.0,59976.0,65531.0,114965.0,101414.0,11210.0,3802.0,21791.0,7145.0,8078.0,8780.0,8378.0,10064.0,782813.0
 HONG KONG ,3039069.39,3730053.4,96805.0,6187723.0,6689817.0,7724096.0,8311857.0,7930702.0,2340069.0,2556176.0,3687106.0,2929938.0,3715669.0,6319650.0,8033518.0,4951517.0,190180.0
 HUNGARY ,199667.93,128182.66,38606.0,151592.0,176181.0,207994.0,213422.0,225840.0,53433.0,22401.0,2446096.0,2385429.0,1321185.0,1083118.0,1327244.0,1011729.0,470053.0
 ICELAND ,5708.88,8015.05,2592441.0,15985.0,14093.0,11979.0,12200.0,12176.0,1595528.0,1709371.0,1250650.0,1328660.0,1110518.0,1796958.0,2177664.0,2776676.0,86499.0
 INDONESIA ,1157782.95,1460463.91,1133689.0,3210070.0,2899609.0,2933987.0,2467435.0,1844607.0,745645.0,942265.0,371498.0,378332.0,416968.0,513013.0,467244.0,582090.0,270926.0
 IRAN ,1156517.42,880743.32,307506.0,1151165.0,1825481.0,3005657.0,1505224.5,4792.0,325536.0,345502.0,2595875.0,2380739.0,1997978.0,3577046.0,6827425.0,3748205.0,1145438.0
 IRAQ ,198127.14,226331.18,122915.0,370850.0,697278.0,552497.0,2552962.0,1817671.0,2069804.0,2168736.0,3908779.0,3525935.0,3499172.0,6095957.0,6976287.0,7255314.0,11765.0
 IRELAND ,203497.12,123564.18,1328260.0,183650.0,210291.0,250897.0,508954.0,654976.0,3285790.0,3680607.0,38833.0,40204.0,47436.0,60089.0,70521.0,90377.0,760356.0
 ISRAEL ,658430.72,928943.79,2069068.0,1932660.0,2034668.0,2275714.0,467133.0,344295.0,28849.0,33684.0,3401029.0,3200287.0,3281818.0,4604199.0,4383430.0,4269323.0,4269323.0
 ITALY ,1736487.94,1607224.74,10151.0,2327166.0,2377873.0,3188717.0,2007125.0,1846687.0,2578624.0,3050599.0,1525299.5,0.0,467334.0,662510.0,331255.0,0.0,96958.0
 JAMAICA ,10342.24,9859.82,2317903.0,12805.0,16204.0,21854.0,3111842.0,2763465.0,1381733.0,1.0,405807.0,677087.0,167239.0,175648.0,1721010.0,1212862.0,41902.0
 JAPAN ,1380771.3,1714278.6,220230.0,3051134.0,3321416.0,4125345.0,23174.0,26349.0,350435.0,347843.0,100412.0,143560.0,1403084.0,1962269.0,349940.0,195929.0,292287.0
 JORDAN ,196036.4,116368.75,78443.0,397686.0,545265.0,982730.0,3283569.0,3043467.0,81084.0,80792.0,1444068.0,1493657.0,530.0,1223.0,2628344.0,2631295.0,1376.0
 KAZAKHSTAN ,60244.72,64821.66,994753.0,117145.0,155914.0,158010.0,869670.0,326543.0,1471468.0,1272449.0,255.0,272.0,2088.0,253.0,1220.0,858.0,51.0
 KENYA ,614088.18,689241.82,57.0,1098722.0,2052570.0,2359554.0,153244.0,99437.0,316.0,355.0,19112.0,6375.0,3469423.0,6034957.0,1372.0,1700.0,730428.0
 KIRIBATI REP ,980.0,155.9,149100.0,589.0,194.0,579.0,2514813.0,1977751.0,30064.0,37219.0,3287797.0,3433765.0,779651.0,926388.0,5327535.0,5311499.0,296760.0
 KOREA DP RP ,403661.57,199342.66,1695281.0,110708.0,109939.0,114326.0,616.0,615.0,2843672.0,2875144.0,931940.0,911191.0,28605.0,24514.0,1255483.0,1743093.0,6148.0
 KOREA RP ,1835359.19,1612681.15,844710.0,2076776.0,2287025.0,2547092.0,46806.0,72976.0,1004666.0,880376.0,20959.0,20641.0,20338.0,10911.0,42212.0,37847.0,1955.0
 KUWAIT ,362840.57,371037.53,11725.0,566532.0,577830.0,643494.0,2808474.0,2304348.0,20384.0,18427.0,27505.0,17738.0,76676.0,98953.0,13660.0,10659.0,30538.0
 KYRGHYZSTAN ,10385.08,12691.45,5944.0,14666.0,19038.0,20820.0,733291.0,816059.0,17221.0,16116.0,81020.0,84444.0,140719.0,233795.0,151126.0,182514.0,45416.0
 LAO PD RP ,4445.31,8120.26,47110.0,7320.0,15713.0,30499.0,23054.0,16358.0,77575.0,72291.0,187778.0,144156.0,29531.0,8157.0,322900.0,285447.0,1153.0
 LATVIA ,20389.3,22199.04,80296.0,46042.0,56674.0,61733.0,41294.0,24612.0,141206.0,165705.0,21343.0,28795.0,167157.0,184385.0,11931.0,4609.0,66715.0
 LEBANON ,61349.66,62368.92,8448.0,112040.0,136515.0,177569.0,59964.0,51871.0,22233.0,20334.0,124880.0,154914.0,113960.0,178919.0,208199.0,201541.0,126030.0
 LESOTHO ,15730.64,6779.36,20046.0,10133.0,10003.0,18858.0,170847.0,157070.0,97884.0,165816.0,110014.0,130690.0,2791.0,1458.0,272968.0,468321.0,227.0
 LIBERIA ,13483.02,13993.12,60130.0,38003.0,69323.0,154578.0,23436.0,19620.0,80457.0,78656.0,2373.0,3081.0,120707.0,247050.0,242.0,730.0,41926.0
 LIBYA ,59829.6,105495.91,75.0,30207.0,117077.0,173360.0,126502.0,87403.0,495.0,1798.0,89051.0,78550.0,9326.0,10856.0,284908.0,260445.0,9158.0
 LIECHTENSTEIN ,2109.99,27.37,37921.0,65.0,149.0,194.0,99870.0,80122.0,64368.0,66939.0,20912.0,14438.0,6696.0,8938.0,33486.0,32807.0,374.0
 LITHUANIA ,27293.6,31131.95,8563.0,65749.0,80254.0,63495.0,118.0,546.0,7702.0,7343.0,729.0,4498.0,17150.0,22792.0,3521.0,795.0,4632.0
 LUXEMBOURG ,5138.89,2250.22,654.0,4317.0,4465.0,7048.0,63100.0,57862.0,1015.0,8945.0,13681.0,16022.0,240657.0,262010.0,22488.0,30339.0,31808.0
 MACAO ,2580.3,19367.34,3799.0,731.0,525.0,989.0,5886.0,5290.0,9986.0,11206.0,138350.0,213387.0,112064.0,112158.0,425495.0,191866.0,16134.0
 MACEDONIA ,4755.99,3299.5,36047.0,4257.0,4956.0,6497.0,1465.0,1292.0,142837.0,146907.0,141795.0,130729.0,4497079.0,5212357.0,92276.0,72217.0,1325751.0
 MADAGASCAR ,111534.4,41092.14,46286.0,59760.0,83937.0,145634.0,8889.0,8419.0,119524.0,128650.0,4510372.0,4510642.0,145156.0,498289.0,5726517.0,6016559.0,79822.0
 MALAWI ,40906.58,38696.72,1767721.0,70816.0,83363.0,134332.0,102095.0,128421.0,3504936.0,3673821.0,155689.0,160809.0,138270.0,154598.0,383517.0,738770.0,16697.0
 MALAYSIA ,1578036.2,1350392.32,45554.0,1910321.0,2414351.0,2541361.0,130661.0,115362.0,132520.0,139866.0,91519.0,103778.0,237158.0,356892.0,106629.0,99089.0,36133.0
 MALDIVES ,59028.43,37849.5,29610.0,59779.0,66610.0,64299.0,3561411.0,2415933.0,72287.0,79644.0,160644.0,147351.0,458.0,777.0,248132.0,411447.0,89.0
 MALI ,17907.49,19962.95,341332.0,47499.0,42776.0,65863.0,93315.0,117112.0,92233.0,126241.0,225.0,23135.0,3149.0,4660.0,384.0,1816.0,505.0
 MALTA ,48608.92,331357.88,89.0,409211.0,216176.0,102831.0,81967.0,70780.0,96.0,9013.0,2502.0,2686.0,65640.0,72257.0,4132.0,3803.0,17850.0
 MARSHALL ISLAND ,49.56,30.97,2208.0,239.0,49.0,705.0,201788.0,211728.0,2767.0,2854.0,80501.0,59594.0,312516.0,532593.0,118109.0,79808.0,151204.0
 MARTINIQUE ,19097.74,2621.93,15254.0,3042.0,3199.0,4660.0,76.0,66973.0,44226.0,53675.0,809097.0,466352.0,4176.0,2592.0,372009.0,645386.0,812.0
 MAURITANIA ,16367.53,14470.53,386061.0,22417.0,22766.0,35084.0,3754.0,2943.0,591974.0,694661.0,1961.0,2222.0,2282894.0,3298130.0,4511.0,6271.0,833789.0
 MAURITIUS ,439831.09,213621.61,415449.0,676908.0,713662.0,607739.0,36038.0,38246.0,116.0,48.0,2678626.0,2565261.0,531.0,458.0,4169332.0,4408459.0,68.0
 MEXICO ,301051.91,281108.28,294.0,657845.0,886220.0,1357128.0,1164923.0,557219.0,2320559.0,2438432.0,236.0,373.0,8564.0,6738.0,475.0,513.0,1633.0
 MICRONESIA ,41.97,77.98,3429.0,96.0,102.0,337.0,1752717.0,1879337.0,94.0,192.0,6036.0,6150.0,1413.0,2667.0,9647.0,10357.0,466.0
 MOLDOVA ,3065.25,3094.92,477.0,3575.0,4855.0,6358.0,141.0,234.0,4500.0,4604.0,1766.0,1393.0,13996.0,19358.0,2218.0,1954.0,4647.0
 MONACO ,158.76,193.69,9417.0,252.0,408.0,186.0,5373.0,5100.0,1027.0,1253.0,15801.0,11524.0,14811.0,16212.0,27322.0,27452.0,24931.0
 MONGOLIA ,7059.86,3714.76,238.0,16988.0,13005.0,9046.0,533.0,683.0,6552.0,13206.0,27060.0,14171.0,49.0,62.0,22906.0,28905.0,17.0
 MONTSERRAT ,93.28,60.7,144923.0,126.0,9245.5,18365.0,4831.0,5487.0,24356.0,33250.0,42.0,42.0,375137.0,719770.0,119.0,101.0,115109.0
 MOROCCO ,110544.19,118656.44,275884.0,178912.0,21.0,43.0,25809.0,17211.0,413.0,15.0,475220.0,566207.0,911437.0,1473226.0,842705.0,855028.0,196352.0
 MOZAMBIQUE ,191948.96,169504.92,145903.0,254681.0,232116.0,232979.0,209.0,633.0,250709.0,278913.0,753810.0,1541061.0,573220.0,666478.0,2012368.0,1650460.0,77574.0
 MYANMAR ,101776.52,98472.88,63.0,264451.0,544520.0,767916.0,199261.0,224582.0,677815.0,580575.0,845854.0,691048.0,214.0,280.0,650323.0,554901.0,2.0
 N. MARIANA IS. ,205.42,212.81,25229.0,12.0,296071.0,480568.0,1265172.0,808711.0,743507.0,622706.0,190.0,105.0,37763.0,154814.0,142.0,254.0,7847.0
 NAMIBIA ,41920.85,30049.51,50.0,30757.0,2.0,36.0,473624.0,708235.0,9.0,26.0,57848.0,47070.0,71.0,231.0,191259.0,376022.0,0.0
 NAURU RP ,52.67,38.5,987081.0,103.0,30856.0,132950.0,52.0,356.0,60277.0,28293.0,361.0,99.0,5046549.0,7193922.0,246.0,70.0,1020198.0
 NEPAL ,715577.12,725131.51,3494970.0,1313024.0,1.0,108.0,66259.0,48401.0,1665.0,878.0,5430054.0,5071276.0,4785837.0,9372473.0,6477320.0,5827488.0,4394521.0
 NETHERLAND ,2888996.2,3030093.8,23952.0,4390732.0,1680556.0,2177023.0,12.0,4.0,3657979.0,4262368.0,6156453.0,5919052.0,14233.0,22136.0,17440918.0,18526011.0,1698.0
 NETHERLANDANTIL ,8633.71,13947.06,7615.0,18498.0,5737256.0,4874447.0,2785910.0,2555151.0,3401704.0,4034397.0,21386.0,21240.0,8514.0,14072.0,24921.0,17735.0,1179.0
 NEUTRAL ZONE ,4.39,43394.695,86785.0,79.0,32736.0,41618.0,3864647.0,3094180.0,25539.0,24848.0,6162.0,10798.0,359877.0,363374.0,14801.0,12756.0,70157.0
 NEW CALEDONIA ,2055.12,1667.5,13634.0,28910.0,6858.0,5331.0,25013.0,24259.0,5436.0,6604.0,266097.0,268227.0,66322.0,80066.0,438264.0,445652.0,20109.0
 NEW ZEALAND ,85696.81,121286.29,21432.0,120885.0,164682.0,167955.0,6591.0,3063.0,207704.0,227455.0,37378.0,46445.0,64261.0,68263.0,87098.0,109573.0,13290.0
 NICARAGUA ,9447.83,10956.72,954166.0,21901.0,32284.0,36101.0,196895.0,201460.0,57825.0,56278.0,66471.0,51923.0,2315238.0,3474513.0,67550.0,38992.0,358170.0
 NIGER ,11834.18,17910.11,4.0,41507.0,30529.0,52531.0,40082.0,54117.0,54494.0,77453.0,2103991.0,2560096.0,3.0,2068701.5,4137400.0,3030467.0,135.0
 NIGERIA ,706530.56,668124.0,350.0,1305141.0,1491669.0,1618074.0,47830.0,52815.0,1182597.0,1453526.0,726792.0,58.0,159.0,133.0,0.0,39986.0,79972.0
 NIUE IS ,3.66,2.42,81593.0,2.0,20.0,9.0,1637591.0,1452343.0,190.0,248.0,132.0,235.0,238590.0,283016.0,16.0,15.0,532202.0
 NORFOLK IS ,181.99,54.74,492301.0,110.0,267.0,852.0,439.0,26.0,164248.0,232316.0,218668.0,297398.0,1743615.0,2357250.0,456533.0,333573.0,72125.0
 NORWAY ,172119.42,108873.43,25.0,156631.0,127700.0,138923.0,35.0,222.0,1826217.0,1571938.0,1566934.0,1608081.0,241471.0,383119.0,3589458.0,3666504.0,37.0
 OMAN ,354968.47,490230.12,925477.0,641449.0,1411464.0,1715605.0,160631.0,349279.0,1222235.0,1239711.0,1442651.0,571773.0,156.0,79.0,225.0,15464.0,30703.0
 PACIFIC IS ,0.01,19.72,18.0,15861.0,3.0,11.0,1454776.0,1440906.0,25.0,42.0,62.0,38.0,112239.0,258960.0,501974.0,986318.0,11002.0
 PAKISTAN IR ,653206.8,746102.5,202.0,744827.0,1123263.0,1383234.0,1135211.0,1428653.0,7.0,6.0,5.0,4.0,41624.0,52119.0,181.0,121.0,30363.0
 PALAU ,99.66,6.87,56515.0,114.0,20.0,17.0,41.0,10.0,147647.0,146295.0,159282.0,168958.0,119165.0,157245.0,252443.0,245307.0,134294.0
 PANAMA C Z ,439.19,325.73,9980.0,219.0,395.0,219.0,42.0,107.0,24315.0,27038.0,34697.0,39583.0,564800.0,669218.0,68954.0,58030.0,354659.0
 PANAMA REPUBLIC ,55942.32,37074.82,18899.0,111536.0,123266.0,128531.0,185097.0,131864.0,83880.0,108613.0,111902.0,89948.0,1079060.0,1571064.0,125830.0,175653.0,175653.0
 PAPUA N GNA ,8950.52,8357.45,189980.0,17007.0,16221.0,26826.0,31856.0,25721.0,466829.0,490373.0,504025.0,540859.0,87.0,347842.0,695597.0,761664.0,346946.0
 PARAGUAY ,17636.87,17519.71,400462.0,32299.0,45108.0,53946.0,65380.0,64314.0,993278.0,1091041.0,1218941.0,1081522.0,1221247.0,2030564.0,1680070.0,1736520.0,162802.0
 PERU ,139324.62,129004.4,121.0,272031.0,347158.0,376605.0,502214.0,459578.0,35.0,4.0,9.0,17.0,622313.0,887461.0,0.0,1.0,15679.0
 PHILIPPINES ,337935.11,354650.05,302942.0,476322.0,646549.0,861018.0,853140.0,887191.0,803030.0,993439.0,1100446.0,1096714.0,115422.0,207758.0,1862285.0,2016668.0,235747.0
 PITCAIRN IS. ,12.57,119757.785,239503.0,27.0,4.0,36.0,642000.0,671842.0,448955.0,481760.0,519455.0,528350.0,950405.0,1370326.0,808834.0,980219.0,7458.0
 POLAND ,234698.64,199041.83,29497.0,376889.0,441237.0,604016.0,388730.0,386608.0,70891.0,50304.0,97078.0,96521.0,32509.0,43731.0,213853.0,116240.0,137182.0
 PORTUGAL ,199195.84,176883.87,170914.0,250162.0,287387.0,380860.0,60755.0,75548.0,526164.0,948772.0,1124422.0,899530.0,274662.0,441558.0,1580100.0,1407973.0,693195.0
 PUERTO RICO ,30438.24,41607.61,17398.0,49572.0,57991.0,55048.0,644294.0,589913.0,27588.0,29899.0,32935.0,28469.0,1964970.0,2423280.0,38017.0,37523.0,16794.0
 QATAR ,307192.44,255943.18,194208.0,394933.0,374634.0,591120.0,29796.0,27947.0,172604.0,257166.0,300784.0,259628.0,99473.0,95365.0,597024.0,1472750.0,1472750.0
 REUNION ,17487.09,16214.99,770614.0,23047.0,26607.0,31794.0,255369.0,167570.0,1298532.0,1362202.0,1672679.0,2139988.0,28.0,11.0,2546270.0,3528804.0,238.0
 ROMANIA ,228655.44,157495.59,14740.0,128461.0,154176.0,173074.0,1282356.0,1040894.0,59033.0,58406.0,101883.0,87822.0,2000.0,1044.0,115460.0,110470.0,172.0
 RUSSIA ,495824.21,463720.99,1.0,854690.0,1249286.0,1282879.0,91274.0,68977.0,2.0,8.0,2.0,2.0,189.0,214.0,24.0,55.0,51.0
 RWANDA ,13672.29,12523.63,694.0,23186.0,42350.0,53083.0,17.0,1.0,1187.0,1548.0,1815.0,2979.0,1448.0,1545.0,981.0,1591.0,1733668.0
 SAHARWI A.DM RP ,27.77,8392.61,476.0,73.0,36.5,0.0,1514.0,1461.0,153.0,89.0,107.0,171.0,4335889.0,6531014.0,373.0,430.0,143098.0
 SAMOA ,317.69,676.76,2129607.0,1048.0,1085.0,2643.0,28.0,173.0,620.0,574.0,827.0,1061.0,515979.0,710870.0,1218.0,1268.0,14512.0
 SAO TOME ,459.77,579.68,95672.0,367.0,183.5,0.0,895.0,609.0,3425390.0,3486798.0,3885424.0,4426686.0,67368.0,67003.0,8627137.0,9574899.0,10483.0
 SAUDI ARAB ,2294014.13,1855230.35,12295.0,2720820.0,488.0,559.0,6802968.0,4171203.0,424647.0,466841.0,446081.0,338825.0,40949.0,33525.0,911453.0,776052.0,48860.0
 SENEGAL ,66069.08,89332.24,24655.0,178242.0,5324443.0,7386394.0,317316.0,366106.0,33563.0,38055.0,50658.0,59371.0,112386.0,133152.0,66415.0,88482.0,2160750.0
 SEYCHELLES ,41355.12,9504.44,4473173.0,16675.0,267322.0,258007.0,25865.0,28298.0,24110.0,27126.0,58633.0,47969.0,6438217.0,8301295.0,52145.0,63089.0,401.0
 SIERRA LEONE ,21858.39,17700.98,27087.0,41642.0,30468.5,19295.0,19871.0,22440.0,62807.0,60220.0,78316.0,81643.0,1.0,69.0,191421.0,221577.0,33982.0
 SINGAPORE ,3775688.18,3594829.7,85230.0,8036300.0,21111.0,30852.0,49268.0,59457.0,6411509.0,6578931.0,8094225.0,6302692.0,115333.0,127544.0,9618496.0,11939242.0,80368.0
 SLOVAK REP ,16430.93,16889.4,518.0,45325.0,100327.0,60137.0,5985398.0,5053132.0,1.0,5.0,30.5,56.0,262527.0,368869.0,9.0,375.0,706.0
 SLOVENIA ,73298.14,91744.36,40621.0,108598.0,7399497.0,7496620.0,83688.0,89900.0,97951.0,98262.0,101963.0,98145.0,1218.0,1380.0,152852.0,159783.0,106770.0
 SOLOMON IS ,408.87,443.5,1788466.0,576.0,58234.0,63120.0,150261.0,173629.0,168650.0,183188.0,219635.0,235877.0,410482.0,555705.0,491401.0,485871.0,1209738.0
 SOMALIA ,30883.97,8282.32,1168260.0,71098.0,149475.0,127661.0,3223.0,1788.0,1543.0,824.0,1789.0,1436.0,2907508.0,4535311.0,2158.0,2476.0,3234.0
 SOUTH AFRICA ,899429.11,975125.38,1595089.0,2272966.0,827.0,1247.0,215736.0,319005.0,337901.0,293486.0,377208.0,414335.0,16938.0,20054.0,761248.0,679001.0,661835.0
 SPAIN ,1138792.36,960376.26,83.0,1436678.0,99176.0,128726.0,3236326.0,2340661.0,2377798.0,2465980.0,2833397.0,2911431.0,2396170.0,3524400.0,6787323.0,7208658.0,595988.0
 SRI LANKA DSR ,1089497.01,1028960.86,336.0,2095146.0,2780338.0,3076995.0,1925068.0,2121295.0,2187.0,2280.0,7359.0,14252.0,2585729.0,4333370.0,26150.0,34542.0,80.0
 ST HELENA ,85.81,4.32,1179.0,22.0,1559233.0,1748990.0,4103801.0,3465990.0,2296439.0,2575284.0,2921728.0,2795371.0,126.0,1870566.5,3741007.0,3967518.0,306.0
 ST KITT N A ,322.13,695.16,25.0,324.0,2168769.0,2764367.0,131.0,106.0,2623277.0,2886971.0,3299621.0,2693454.0,729.0,1943.0,4092267.0,3411734.0,2034.0
 ST LUCIA ,494.83,561.8,165.0,645.0,18.0,18.0,769.0,1448.0,14.0,4.0,11.0,227.0,2510.0,3036.0,42.0,0.0,540.0
 ST PIERRE ,1.31,23.98,222414.0,111378.5,343.0,744.0,1306.0,1761.0,2074.0,1852.0,1667.0,1812.0,466.0,630.0,2119.0,4136.0,18.0
 ST VINCENT ,371.07,170.55,5491.0,299.0,565.0,1387.0,1.0,1451.5,2902.0,2617.0,2782.0,2293.0,1465.0,1478.0,4133.0,6018.0,72843.0
 SUDAN ,221794.09,218200.91,39223.0,340626.0,22.0,19.0,465.0,355.0,181.0,7.0,10.0,378305.5,756601.0,802775.0,955.0,1973.0,4550.0
 SURINAME ,6364.85,7848.8,285791.0,5055.0,190.0,1106.0,539457.0,510964.0,525.0,442.0,513.0,483.0,12658.0,12956.0,2151.0,535.0,535.0
 SWAZILAND ,20585.39,9431.24,313790.0,11158.0,411556.0,521298.0,10771.0,8408.0,4209.0,10.0,1039.0,771.0,18072.0,20021.0,1469248.0,666339.0,9464.0
 SWEDEN ,257963.42,225192.81,223935.0,395278.0,16514.0,14598.0,24595.0,38747.0,502101.0,530259.0,643454.0,779108.0,564562.0,772488.0,9866.0,24186.0,163949.0
 SWITZERLAND ,352525.7,278424.82,1047917.0,527956.0,26057.0,13696.0,452647.0,447552.0,7040.0,11197.0,15734.0,22105.0,934061.0,1005378.0,502733.0,88.0,313246.0
 SYRIA ,166657.08,163875.33,8305.0,256824.0,373527.0,444586.0,653875.0,642129.0,26505.0,21078.0,10539.5,1.0,92168.0,78550.0,11885.0,20513.0,17511.0
 TAIWAN ,668173.16,881271.49,670141.0,1598616.0,607907.0,1073696.0,114530.0,89610.0,475408.0,497237.0,13348.0,13193.0,1200649.0,2055116.0,772059.0,843614.0,250313.0
 TAJIKISTAN ,7630.08,7452.33,1034626.0,10200.0,140587.0,140902.0,1333673.0,932864.0,654302.0,698698.0,553490.0,530067.0,39496.0,26405.0,1081304.0,1263804.0,5399.0
 TANZANIA REP ,472958.89,436964.46,245842.0,769675.0,1655512.0,1206047.0,32807.0,14549.0,81676.0,98852.0,829177.0,850530.0,1064421.0,1722386.0,83554.0,52271.0,605891.0
 THAILAND ,872399.5,822762.26,93210.0,1425353.0,19136.0,32728.0,1513271.0,1080038.0,1466604.0,1389931.0,108092.0,112994.0,3130062.0,4289768.0,2110664.0,1523601.0,633119.0
 TIMOR LESTE ,422.42,577.85,6724.0,3740.0,1173292.0,2090708.0,2120921.0,1955689.0,13708.0,15434.0,1851778.0,1188440.0,18662.0,19425.0,39610.0,42684.0,7849.0
 TOGO ,65620.17,77157.73,324.0,173489.0,2031024.0,2243108.0,1992.0,2235.0,1196656.0,1044000.0,15628.0,16663.0,1139361.0,2248061.0,3157854.0,3826430.0,549493.0
 TOKELAU IS ,15.8,1.35,28690.0,23.0,1174.0,1305.0,420423.0,350359.0,2101242.0,2355130.0,1192460.0,1232747.0,625.0,990.0,4581007.0,4172172.0,20.0
 TONGA ,148.77,227.17,128162.0,374.0,162840.0,272141.0,0.0,775.5,1551.0,2139.0,3110607.0,3045149.0,55332.0,69586.0,28570.0,39714.0,73.0
 TRINIDAD ,143698.43,72771.9,1250982.0,39460.0,17.0,96.0,559.0,726.0,211638.0,263860.0,3686.0,4497.0,195745.0,303415.0,4851039.0,2673622.0,17360.0
 TUNISIA ,96789.44,100692.71,11900.0,136883.0,908.0,640.0,101114.0,60683.0,23.0,243561.5,487100.0,739506.0,2923184.0,6503732.0,1165.0,1315.0,46134.0
 TURKEY ,637029.19,727779.93,24.0,1689401.0,44379.0,63013.0,152611.0,145889.0,806.0,809.0,1.0,1.0,44426.0,77568.0,84135.0,90264.0,947460.0
 TURKMENISTAN ,19145.32,17056.93,56.0,21175.0,162992.0,166032.0,3276052.0,2713560.0,56691.0,57170.0,243.0,467.0,92.0,480.0,339534.0,363778.0,6028.0
 TURKS C IS ,236.38,82.33,15386613.0,84.0,2152438.0,2704238.0,56322.0,44662.0,171247.0,181650.0,58465.0,60230.0,2.0,162.0,7726043.0,5506909.0,75.0
 TUVALU ,2959.92,101.87,3317265.0,7.0,38031.0,44785.0,88.0,106.0,3103080.0,3281480.0,212654.0,173636.0,12333392.0,20915828.0,71970.0,30982.0,6.0
 U ARAB EMTS ,11022907.95,11334791.85,11519450.0,17226847.0,178.0,239.0,20.0,35.0,38663.0,35047.0,3805912.0,3522495.0,6024490.0,7799211.0,1417.0,915.0,4785800.0
 U K ,3034457.97,2947631.02,133160.0,4114023.0,3.0,38.0,20185269.0,19830623.0,527.0,737.0,32045.0,23964.0,38184453.0,56796119.0,201.0,88.0,2248142.0
 U S A ,9645841.97,9241651.34,233329.0,16645542.0,19783205.0,18477865.0,5696907.0,5776986.0,55.0,40.0,183.0,451.0,496814.0,519917.0,25385238.0,29509524.0,11813979.0
 UGANDA ,100749.23,98077.16,10732.0,209471.0,4687822.0,5921916.0,25942752.0,26386049.0,20893949.0,18145693.0,1.0,1.0,333835.0,351751.0,9171501.0,10696407.0,64547.0
 UKRAINE ,180771.03,136124.32,6561989.0,236234.0,19674080.0,23658980.0,338989.0,373117.0,5718182.0,6243140.0,21021093.0,20423782.0,543338.0,970701.0,63015151.0,64176635.0,19226.0
 UNION OF SERBIA & MONTENEGRO ,6382.94,6057.16,38835.0,19784.0,253217.0,321688.0,212821.0,169664.0,28300801.0,30860269.0,6510480.0,6188224.0,77429.0,112322.0,449547.0,420533.0,496650.0
 UNSPECIFIED ,2031903.63,1961967.89,27464.0,7693573.0,283141.0,293117.0,4070.0,879.0,331546.0,343072.0,36648039.0,37616554.0,715.0,246.0,106502.0,143466.0,19883.0
 URUGUAY ,29728.79,22875.58,1131.0,67550.0,38695.0,18213.0,2529719.0,1621407.0,208006.0,212814.0,405783.0,440613.0,207191.0,202306.0,2448254.0,2472622.0,52.0
 UZBEKISTAN ,20927.32,25647.28,79917.0,43019.0,2954168.0,6907257.0,127018.0,99590.0,102.0,1.0,273603.0,328622.0,1666.0,2352.0,124483.0,432683.0,66661.0
 VANUATU REP ,2409.86,1074.92,1204507.0,1276.0,78081.0,97548.0,415.0,112.0,1655458.0,1566195.0,783097.5,0.0,49.0,25.0,92.0,249.0,414.0
 VENEZUELA ,84764.7,86921.27,602.0,120391.0,67965.0,69241.0,104192.0,61839.0,126265.0,102773.0,2032944.0,1802083.0,412490.0,248400.0,227924.0,308590.0,308590.0
 VIETNAM SOC REP ,794947.72,867397.61,34.0,1808498.0,1869.0,1686.0,1137.0,1316.0,723.0,337.0,126814.0,104143.0,3703486.0,4993741.0,2717.0,3242.0,28888.0
 VIRGIN IS US ,621.12,2038.21,235168.0,1874.0,127721.0,119554.0,74.0,34.0,72853.0,85599.0,461.0,280.0,55933.0,3195.0,128.0,75.0,725245.0
 WALLIS F IS ,70.51,74.5,53905.0,100.0,2156284.0,3325325.0,158004.0,85175.0,1394.0,1464.0,141656.0,127577.0,17.0,4.0,142370.0,145125.0,331.0
 YEMEN REPUBLC ,353281.31,345017.76,51406.0,350393.0,777.0,2419.0,3831864.0,3458935.0,27.0,74.0,1386.0,1711.0,582440.0,632919.0,4754343.0,4528848.0,106452.0
 ZAMBIA ,49058.39,41821.23,71691.115,101561.0,11.0,0.0,2963.0,2781.0,41615.0,51053.0,20.0,23.0,198741.0,253957.0,6147.0,4831.0,33392.0
 ZIMBABWE ,27617.27,22902.89,42421.445,61940.0,802402.0,788634.0,21.0,2275445.0,4550869.0,5038838.0,115405.0,243944.0,130499.0,149392.0,1.0,6647.0,13293.0
